type	eltype	bench_getindex	bench_setindex
Array{UInt8,1}	UInt8	4.797616e-10	5.701892e-10
Array{UInt16,1}	UInt16	3.7453019999999996e-10	7.974761999999999e-10
Array{UInt32,1}	UInt32	3.231666e-10	6.689347e-10
Array{UInt64,1}	UInt64	3.328098e-10	6.555703e-10
