type	eltype	bench_getindex	bench_setindex
Array{UInt8,1}	UInt8	3.229796e-10	4.10299e-10
Array{UInt16,1}	UInt16	4.860615e-10	9.568617999999999e-10
Array{UInt32,1}	UInt32	3.227618e-10	6.543348e-10
Array{UInt64,1}	UInt64	3.227678e-10	6.555787e-10
